[
    {
        "egg_1": 1,
        "egg_2": 1,
        "result": 5
    },
    {
        "egg_1": 2,
        "egg_2": 1,
        "result": 9
    },
    {
        "egg_1": 2,
        "egg_2": 2,
        "result": 6
    },
    {
        "egg_1": 3,
        "egg_2": 1,
        "result": 10
    },
    {
        "egg_1": 3,
        "egg_2": 2,
        "result": 11
    },
    {
        "egg_1": 3,
        "egg_2": 3,
        "result": 7
    },
    {
        "egg_1": 4,
        "egg_2": 1,
        "result": 12
    },
    {
        "egg_1": 4,
        "egg_2": 2,
        "result": 13
    },
    {
        "egg_1": 4,
        "egg_2": 3,
        "result": 14
    },
    {
        "egg_1": 4,
        "egg_2": 4,
        "result": 8
    },
    {
        "egg_1": 5,
        "egg_2": 5,
        "result": 15
    },
    {
        "egg_1": 8,
        "egg_2": 8,
        "result": 16
    },
    {
        "egg_1": 9,
        "egg_2": 2,
        "result": 19
    },
    {
        "egg_1": 11,
        "egg_2": 11,
        "result": 17
    },
    {
        "egg_1": 12,
        "egg_2": 4,
        "result": 20
    },
    {
        "egg_1": 14,
        "egg_2": 14,
        "result": 18
    },
    {
        "egg_1": 15,
        "egg_2": 15,
        "result": 21
    },
    {
        "egg_1": 16,
        "egg_2": 8,
        "result": 27
    },
    {
        "egg_1": 16,
        "egg_2": 16,
        "result": 22
    },
    {
        "egg_1": 17,
        "egg_2": 17,
        "result": 23
    },
    {
        "egg_1": 18,
        "egg_2": 11,
        "result": 28
    },
    {
        "egg_1": 18,
        "egg_2": 18,
        "result": 24
    },
    {
        "egg_1": 19,
        "egg_2": 17,
        "result": 30
    },
    {
        "egg_1": 19,
        "egg_2": 19,
        "result": 25
    },
    {
        "egg_1": 20,
        "egg_2": 9,
        "result": 29
    },
    {
        "egg_1": 20,
        "egg_2": 20,
        "result": 26
    },
    {
        "egg_1": 21,
        "egg_2": 17,
        "result": 38
    },
    {
        "egg_1": 23,
        "egg_2": 21,
        "result": 35
    },
    {
        "egg_1": 24,
        "egg_2": 15,
        "result": 37
    },
    {
        "egg_1": 24,
        "egg_2": 17,
        "result": 39
    },
    {
        "egg_1": 24,
        "egg_2": 18,
        "result": 40
    },
    {
        "egg_1": 24,
        "egg_2": 23,
        "result": 32
    },
    {
        "egg_1": 25,
        "egg_2": 23,
        "result": 31
    },
    {
        "egg_1": 29,
        "egg_2": 25,
        "result": 36
    },
    {
        "egg_1": 30,
        "egg_2": 23,
        "result": 34
    },
    {
        "egg_1": 30,
        "egg_2": 29,
        "result": 33
    },
    {
        "egg_1": 33,
        "egg_2": 22,
        "result": 47
    },
    {
        "egg_1": 34,
        "egg_2": 34,
        "result": 41
    },
    {
        "egg_1": 36,
        "egg_2": 26,
        "result": 46
    },
    {
        "egg_1": 36,
        "egg_2": 35,
        "result": 42
    },
    {
        "egg_1": 36,
        "egg_2": 36,
        "result": 45
    },
    {
        "egg_1": 37,
        "egg_2": 37,
        "result": 43
    },
    {
        "egg_1": 38,
        "egg_2": 23,
        "result": 48
    },
    {
        "egg_1": 38,
        "egg_2": 24,
        "result": 49
    },
    {
        "egg_1": 39,
        "egg_2": 15,
        "result": 50
    },
    {
        "egg_1": 39,
        "egg_2": 39,
        "result": 44
    },
    {
        "egg_1": 42,
        "egg_2": 37,
        "result": 58
    },
    {
        "egg_1": 43,
        "egg_2": 42,
        "result": 55
    },
    {
        "egg_1": 44,
        "egg_2": 26,
        "result": 60
    },
    {
        "egg_1": 45,
        "egg_2": 43,
        "result": 51
    },
    {
        "egg_1": 46,
        "egg_2": 34,
        "result": 57
    },
    {
        "egg_1": 47,
        "egg_2": 43,
        "result": 53
    },
    {
        "egg_1": 47,
        "egg_2": 45,
        "result": 54
    },
    {
        "egg_1": 48,
        "egg_2": 38,
        "result": 59
    },
    {
        "egg_1": 50,
        "egg_2": 41,
        "result": 52
    },
    {
        "egg_1": 50,
        "egg_2": 49,
        "result": 56
    },
    {
        "egg_1": 54,
        "egg_2": 53,
        "result": 61
    },
    {
        "egg_1": 55,
        "egg_2": 44,
        "result": 68
    },
    {
        "egg_1": 56,
        "egg_2": 45,
        "result": 67
    },
    {
        "egg_1": 57,
        "egg_2": 33,
        "result": 70
    },
    {
        "egg_1": 57,
        "egg_2": 57,
        "result": 66
    },
    {
        "egg_1": 58,
        "egg_2": 52,
        "result": 65
    },
    {
        "egg_1": 58,
        "egg_2": 54,
        "result": 63
    },
    {
        "egg_1": 59,
        "egg_2": 47,
        "result": 69
    },
    {
        "egg_1": 59,
        "egg_2": 59,
        "result": 64
    },
    {
        "egg_1": 60,
        "egg_2": 51,
        "result": 62
    },
    {
        "egg_1": 62,
        "egg_2": 54,
        "result": 78
    },
    {
        "egg_1": 62,
        "egg_2": 61,
        "result": 71
    },
    {
        "egg_1": 62,
        "egg_2": 62,
        "result": 72
    },
    {
        "egg_1": 65,
        "egg_2": 54,
        "result": 79
    },
    {
        "egg_1": 66,
        "egg_2": 51,
        "result": 80
    },
    {
        "egg_1": 68,
        "egg_2": 67,
        "result": 74
    },
    {
        "egg_1": 68,
        "egg_2": 68,
        "result": 73
    },
    {
        "egg_1": 69,
        "egg_2": 62,
        "result": 77
    },
    {
        "egg_1": 70,
        "egg_2": 60,
        "result": 75
    },
    {
        "egg_1": 70,
        "egg_2": 62,
        "result": 76
    },
    {
        "egg_1": 71,
        "egg_2": 57,
        "result": 90
    },
    {
        "egg_1": 72,
        "egg_2": 72,
        "result": 81
    },
    {
        "egg_1": 73,
        "egg_2": 72,
        "result": 83
    },
    {
        "egg_1": 74,
        "egg_2": 65,
        "result": 86
    },
    {
        "egg_1": 75,
        "egg_2": 72,
        "result": 82
    },
    {
        "egg_1": 75,
        "egg_2": 74,
        "result": 85
    },
    {
        "egg_1": 76,
        "egg_2": 75,
        "result": 84
    },
    {
        "egg_1": 77,
        "egg_2": 76,
        "result": 85
    },
    {
        "egg_1": 78,
        "egg_2": 60,
        "result": 88
    },
    {
        "egg_1": 79,
        "egg_2": 66,
        "result": 87
    },
    {
        "egg_1": 80,
        "egg_2": 63,
        "result": 89
    },
    {
        "egg_1": 81,
        "egg_2": 81,
        "result": 91
    },
    {
        "egg_1": 83,
        "egg_2": 81,
        "result": 93
    },
    {
        "egg_1": 83,
        "egg_2": 83,
        "result": 92
    },
    {
        "egg_1": 84,
        "egg_2": 78,
        "result": 98
    },
    {
        "egg_1": 85,
        "egg_2": 85,
        "result": 94
    },
    {
        "egg_1": 86,
        "egg_2": 86,
        "result": 96
    },
    {
        "egg_1": 87,
        "egg_2": 87,
        "result": 95
    },
    {
        "egg_1": 88,
        "egg_2": 88,
        "result": 97
    },
    {
        "egg_1": 89,
        "egg_2": 77,
        "result": 99
    },
    {
        "egg_1": 90,
        "egg_2": 73,
        "result": 100
    },
    {
        "egg_1": 91,
        "egg_2": 83,
        "result": 109
    },
    {
        "egg_1": 91,
        "egg_2": 91,
        "result": 103
    },
    {
        "egg_1": 92,
        "egg_2": 81,
        "result": 108
    },
    {
        "egg_1": 92,
        "egg_2": 92,
        "result": 101
    },
    {
        "egg_1": 93,
        "egg_2": 90,
        "result": 110
    },
    {
        "egg_1": 93,
        "egg_2": 92,
        "result": 107
    },
    {
        "egg_1": 93,
        "egg_2": 93,
        "result": 102
    },
    {
        "egg_1": 95,
        "egg_2": 95,
        "result": 104
    },
    {
        "egg_1": 96,
        "egg_2": 95,
        "result": 106
    },
    {
        "egg_1": 96,
        "egg_2": 96,
        "result": 105
    },
    {
        "egg_1": 101,
        "egg_2": 101,
        "result": 111
    },
    {
        "egg_1": 102,
        "egg_2": 102,
        "result": 112
    },
    {
        "egg_1": 103,
        "egg_2": 103,
        "result": 113
    },
    {
        "egg_1": 104,
        "egg_2": 104,
        "result": 120
    },
    {
        "egg_1": 105,
        "egg_2": 94,
        "result": 117
    },
    {
        "egg_1": 106,
        "egg_2": 104,
        "result": 114
    },
    {
        "egg_1": 107,
        "egg_2": 91,
        "result": 116
    },
    {
        "egg_1": 107,
        "egg_2": 107,
        "result": 115
    },
    {
        "egg_1": 108,
        "egg_2": 99,
        "result": 119
    },
    {
        "egg_1": 109,
        "egg_2": 97,
        "result": 118
    },
    {
        "egg_1": 112,
        "egg_2": 103,
        "result": 128
    },
    {
        "egg_1": 113,
        "egg_2": 102,
        "result": 127
    },
    {
        "egg_1": 114,
        "egg_2": 108,
        "result": 129
    },
    {
        "egg_1": 114,
        "egg_2": 120,
        "result": 126
    },
    {
        "egg_1": 117,
        "egg_2": 101,
        "result": 130
    },
    {
        "egg_1": 120,
        "egg_2": 91,
        "result": 123
    },
    {
        "egg_1": 120,
        "egg_2": 98,
        "result": 124
    },
    {
        "egg_1": 120,
        "egg_2": 103,
        "result": 122
    },
    {
        "egg_1": 120,
        "egg_2": 107,
        "result": 121
    },
    {
        "egg_1": 120,
        "egg_2": 120,
        "result": 125
    },
    {
        "egg_1": 121,
        "egg_2": 85,
        "result": 133
    },
    {
        "egg_1": 122,
        "egg_2": 74,
        "result": 137
    },
    {
        "egg_1": 123,
        "egg_2": 53,
        "result": 139
    },
    {
        "egg_1": 124,
        "egg_2": 70,
        "result": 135
    },
    {
        "egg_1": 124,
        "egg_2": 113,
        "result": 136
    },
    {
        "egg_1": 125,
        "egg_2": 94,
        "result": 131
    },
    {
        "egg_1": 127,
        "egg_2": 25,
        "result": 140
    },
    {
        "egg_1": 128,
        "egg_2": 80,
        "result": 132
    },
    {
        "egg_1": 129,
        "egg_2": 60,
        "result": 138
    },
    {
        "egg_1": 130,
        "egg_2": 100,
        "result": 134
    },
    {
        "egg_1": 132,
        "egg_2": 65,
        "result": 149
    },
    {
        "egg_1": 133,
        "egg_2": 79,
        "result": 147
    },
    {
        "egg_1": 133,
        "egg_2": 119,
        "result": 141
    },
    {
        "egg_1": 134,
        "egg_2": 105,
        "result": 143
    },
    {
        "egg_1": 134,
        "egg_2": 127,
        "result": 142
    },
    {
        "egg_1": 135,
        "egg_2": 91,
        "result": 145
    },
    {
        "egg_1": 135,
        "egg_2": 97,
        "result": 148
    },
    {
        "egg_1": 138,
        "egg_2": 29,
        "result": 150
    },
    {
        "egg_1": 138,
        "egg_2": 71,
        "result": 146
    },
    {
        "egg_1": 138,
        "egg_2": 116,
        "result": 144
    },
    {
        "egg_1": 141,
        "egg_2": 141,
        "result": 159
    },
    {
        "egg_1": 143,
        "egg_2": 133,
        "result": 152
    },
    {
        "egg_1": 144,
        "egg_2": 79,
        "result": 154
    },
    {
        "egg_1": 144,
        "egg_2": 101,
        "result": 150
    },
    {
        "egg_1": 144,
        "egg_2": 143,
        "result": 157
    },
    {
        "egg_1": 146,
        "egg_2": 71,
        "result": 156
    },
    {
        "egg_1": 146,
        "egg_2": 147,
        "result": 160
    },
    {
        "egg_1": 148,
        "egg_2": 122,
        "result": 151
    },
    {
        "egg_1": 148,
        "egg_2": 148,
        "result": 158
    },
    {
        "egg_1": 149,
        "egg_2": 61,
        "result": 155
    },
    {
        "egg_1": 150,
        "egg_2": 110,
        "result": 153
    }
]